"","site","veg","meanpv","n","var","se"
"1","BR_1","cheatgrass",1608.83513374,4,79682.1185420721,141.14010640324
"2","KR_1","cheatgrass",1745.45702946667,3,81628.2629960888,164.952784149575
"3","LH_1","cheatgrass",1920.75414336,2,4650.49778096995,48.22083461
"4","SP_1","cheatgrass",1283.13736641,3,34290.6177936945,106.912141177845
"5","TF_1","cheatgrass",2099.553668725,4,936407.515729834,483.840757824781
