"","veg","soilC_g_m2.meanfxn","AGBC_g_m2.meanfxn","BGBC_g_m2.meanfxn","litterC_g_m2.meanfxn"
"1","cheatgrass",1670.02667015059,34.8290863067151,147.28178125,136.268972732877
"2","sagebrush",1763.97997995971,441.296571428571,152.188516129032,60
"3","sagecheat",1883.04758512367,NA,NA,NA
