"","pool","N","pool_value","sd","se","ci"
"1","AGBC_g_m2",218,134.787275318992,340.898396870766,23.088552804193,45.5065286194835
"2","BGBC_g_m2",88,166.923022727273,178.042316405106,18.9793746995905,37.7235623322881
"3","litterC_g_m2",81,151.246546679012,111.392050643158,12.3768945159064,24.6308050448301
"4","orgsoilC_g_m2",687,1703.18446833076,1040.35811820228,39.6921379348846,77.9326594269611
"5","totsoilC_g_m2",239,1271.83864418222,841.252492843147,54.4161001247023,107.198712154716
