"","pool","veg","meanpv","n","var","se"
"1","AGBC_g_m2","cheatgrass",109.636741543631,496,45222.8925744589,9.54856987417771
"2","AGBC_g_m2","sagebrush",121.220784397541,172,65517.8453211362,19.5171131409193
"3","AGBC_g_m2","sagecheat",133.329786981577,127,144728.855266665,33.7579218193936
"4","BGBC_g_m2","cheatgrass",90.7531823635149,29,6595.63187712649,15.0809675409066
"5","BGBC_g_m2","sagebrush",268.601154342941,158,50498.0936204023,17.8775889725349
"6","BGBC_g_m2","sagecheat",129.616034600601,34,17964.7857155619,22.9864318774729
"7","litterC_g_m2","cheatgrass",149.545137628163,69,8878.02678773525,11.3431501310136
"8","litterC_g_m2","sagebrush",51.7816882844721,16,2579.25004395588,12.6965793719113
