"","pool","veg","meanpv","n","var","se"
"1","AGBC_g_m2","cheatgrass",109.387704554761,569,66288.1222718377,10.7934858203628
"2","AGBC_g_m2","sagebrush",197.092141263385,294,102471.40145257,18.669284448298
"3","AGBC_g_m2","sagecheat",133.750935243052,127,144716.468395128,33.7564771731699
"4","BGBC_g_m2","cheatgrass",61.8037272556337,53,4447.29387176694,9.16030595164147
"5","BGBC_g_m2","sagebrush",338.523061593486,196,126172.854642964,25.3720132094565
"6","BGBC_g_m2","sagecheat",132.449753258445,34,17526.0182604818,22.7039891937141
"7","litterC_g_m2","cheatgrass",156.069735663619,73,6893.00767551182,9.71724048679687
"8","litterC_g_m2","sagebrush",73.7628287004704,80,250.833819071312,1.77071249456014
