"","pool","veg","meanpv","n","var","se"
"1","AGBC_g_m2","cheatgrass",88.3229751120322,569,31293.2826544236,7.41599499851286
"2","AGBC_g_m2","sagebrush",195.007532112955,294,101309.845054972,18.5631707881705
"3","AGBC_g_m2","sagecheat",133.86251202359,127,144644.877245919,33.7481264858725
"4","BGBC_g_m2","cheatgrass",67.2889509067226,53,6277.24908789885,10.8829528178628
"5","BGBC_g_m2","sagebrush",284.421702725039,196,94659.8929207542,21.9763199228348
"6","BGBC_g_m2","sagecheat",131.297501074359,34,17781.5798864707,22.8689230992569
"7","litterC_g_m2","cheatgrass",112.971710243707,103,9521.72018785166,9.61477432490998
"8","litterC_g_m2","sagebrush",51.9333275384143,135,791.026352531828,2.42063100517174
