"","pool","veg","meanpv","n","var","se"
"1","AGBC_g_m2","cheatgrass",39.3449968252451,408,4190.92900939585,3.20497813205498
"2","AGBC_g_m2","sagebrush",205.303897628505,214,126884.910452837,24.349951587282
"3","AGBC_g_m2","sagecheat",140.145046332524,103,178240.474044121,41.5991591172623
"4","BGBC_g_m2","cheatgrass",52.4580238095238,42,3562.54734490186,9.2099161685108
"5","BGBC_g_m2","sagebrush",380.10414893617,47,251250.818070173,73.1147186727777
"6","BGBC_g_m2","sagecheat",149.68925,28,19551.5604798981,26.4247992828559
"7","litterC_g_m2","cheatgrass",112.973752357143,98,9980.22959828201,10.0915349443724
"8","litterC_g_m2","sagebrush",50.6642519685039,127,782.708956380454,2.48255164068444
