"","pool","veg","meanpv","n","var","se"
"1","AGBC_g_m2","cheatgrass",45.3667702282609,138,1164.74069482061,2.90519361875731
"2","AGBC_g_m2","sagebrush",534.947625,8,553556.731468982,263.048648416263
"3","AGBC_g_m2","sagecheat",441.296571428571,28,539871.752542476,138.856523143042
"4","BGBC_g_m2","cheatgrass",118.253083333333,12,5939.19932099242,22.2470959172061
"5","BGBC_g_m2","sagebrush",143.2725,2,10405.0410245,72.1285
"6","BGBC_g_m2","sagecheat",149.68925,28,19551.5604798981,26.4247992828559
"7","litterC_g_m2","cheatgrass",172.891535553571,56,7620.91412364883,11.6656655278649
