"","pool","veg","meanpv","n","var","se"
"1","AGBC_g_m2","cheatgrass",103.610665155742,569,44878.8749253709,8.88106088255211
"2","AGBC_g_m2","sagebrush",188.077600868787,294,97644.6333518652,18.2242860830716
"3","AGBC_g_m2","sagecheat",132.592466169409,127,144736.819480167,33.7588506307136
"4","BGBC_g_m2","cheatgrass",63.7113634996771,53,6357.61764463498,10.9523992759017
"5","BGBC_g_m2","sagebrush",344.653563196977,196,174196.761652426,29.8120611166451
"6","BGBC_g_m2","sagecheat",129.330483934351,34,18012.5568852237,23.0169738423521
"7","litterC_g_m2","cheatgrass",155.168667941192,73,6997.39921259301,9.79054563005305
"8","litterC_g_m2","sagebrush",72.1675170295403,80,80.308745301368,1.00192779992727
