"","pool","veg","meanpv","n","var","se"
"1","AGBC_g_m2","cheatgrass",143.861622328571,293,60472.3851682285,14.3662936439997
"2","AGBC_g_m2","sagebrush",208.88209218878,88,86039.9346158327,31.2686189289737
"3","AGBC_g_m2","sagecheat",441.296571428571,28,539871.752542476,138.856523143042
"4","BGBC_g_m2","cheatgrass",142.33342699247,17,7363.23965817967,20.8118174266162
"5","BGBC_g_m2","sagebrush",283.872999148993,79,9158.28397143018,10.7669701034217
"6","BGBC_g_m2","sagecheat",149.68925,28,19551.5604798981,26.4247992828559
"7","litterC_g_m2","cheatgrass",166.317956582927,61,7482.07149688408,11.0750580036849
"8","litterC_g_m2","sagebrush",91.6335559130743,8,2885.51187687743,18.9918136208651
