"","pool","veg","meanpv","n","var","se"
"1","AGBC_g_m2","cheatgrass",1196.26908509212,569,27127289.2028551,218.346917667573
"2","AGBC_g_m2","sagebrush",852.74915242491,294,2447184.87454812,91.2346320028435
"3","AGBC_g_m2","sagecheat",1752.9463358761,127,10887814.5131505,292.798263208976
"4","BGBC_g_m2","cheatgrass",63.7113634996771,53,6357.61764463498,10.9523992759017
"5","BGBC_g_m2","sagebrush",344.653563196977,196,174196.761652426,29.8120611166451
"6","BGBC_g_m2","sagecheat",129.330483934351,34,18012.5568852237,23.0169738423521
"7","litterC_g_m2","cheatgrass",155.168667941192,73,6997.39921259301,9.79054563005305
"8","litterC_g_m2","sagebrush",72.1675170295403,80,80.308745301368,1.00192779992727
