"","pool","veg","meanpv","n","var","se"
"1","AGBC_g_m2","cheatgrass",112.675917601903,496,49559.6710958936,9.99593375956403
"2","AGBC_g_m2","sagebrush",118.114636904374,172,52296.3639340274,17.4369902082732
"3","AGBC_g_m2","sagecheat",133.330345780713,127,144648.898839213,33.7485956358984
"4","BGBC_g_m2","cheatgrass",91.8930543663667,29,5608.51622194881,13.9067289864182
"5","BGBC_g_m2","sagebrush",279.242421223131,158,67377.3808055321,20.6504023937151
"6","BGBC_g_m2","sagecheat",134.357214099102,34,17242.9959178917,22.5199231517676
"7","litterC_g_m2","cheatgrass",149.862706385422,69,8834.80050201935,11.3155020651223
"8","litterC_g_m2","sagebrush",51.0480797354372,16,1575.27375913284,9.92242963924675
