"","pool","veg","meanpv","n","var","se"
"1","orgsoilC_g_m2","cheatgrass",1851.0163481232,189,287174.785669133,38.980037332187
"2","orgsoilC_g_m2","sagebrush",1525.80958414579,201,275843.883321986,37.0453455709026
"3","orgsoilC_g_m2","sagecheat",1605.18381906055,73,596428.460792741,90.3894511963194
"4","totsoilC_g_m2","cheatgrass",1345.96563147153,98,644858.219024556,81.1183450793582
"5","totsoilC_g_m2","sagecheat",1446.66834022232,69,823564.129209251,109.250684288591
