"","pool","veg","meanpv","n","var","geometry","se"
"1","orgsoilC_g_m2","cheatgrass",1883.88212904718,156,224618.789157011,c(-1388347.83194823, -1381017.75834548, -1047824.97149117, -1023529.43804486, 438856.220386811, 431882.190385641, 337822.132080472, 651248.182798586),37.9455403579625
"2","orgsoilC_g_m2","sagebrush",1558.70068610526,171,277229.693439068,c(-1766813.83075811, -1736853.73571071, -1596266.63473337, -1583135.63767636, -1407448.04254019, -1388347.83194823, -1374135.93565604, -1047824.97149117, 614737.084473211, 581421.064759741, 811254.705813472, 813611.227236335, 413414.247254534, 438856.220386811, 411083.572293487, 337822.132080472),40.2644542670263
"3","orgsoilC_g_m2","sagecheat",1605.18381906055,73,596428.460792741,c(-1766813.83075811, -1736853.73571071, -1596266.63473337, -1583135.63767636, -1407448.04254019, -1374135.93565604, -1047824.97149117, -1023529.43804486, 614737.084473211, 581421.064759741, 811254.705813472, 813611.227236335, 413414.247254534, 411083.572293487, 337822.132080472, 651248.182798586),90.3894511963194
"4","totsoilC_g_m2","cheatgrass",1345.96563147153,98,644858.219024556,c(-1858232.93680917, -1821182.0850942, -1820923.70288574, -1820348.36759495, -1810893.63508171, -1810442.66055426, -1810263.64277497, -1808296.83592814, -1798074.55646941, -1785284.80928191, -1738096.80642746, -1726151.53649847, -1725994.82096559, -1693050.3753467, -1691042.58177312, -1677963.16731984, -1638604.57325703, -1595502.69635436, -1588148.81985314, -1381017.75834548, 563472.069499267, 568616.703187537, 568761.223574828, 568535.85742978, 669197.597589476, 669378.711424542, 669925.093009643, 
599983.456219286, 621740.013429119, 595780.123951894, 585028.262089231, 602485.115118601, 602483.662620355, 896777.221514966, 891045.138107155, 902925.420226561, 837864.062811896, 820943.825291128, 823183.713887494, 431882.190385641),81.1183450793582
"5","totsoilC_g_m2","sagecheat",1446.66834022232,69,823564.129209251,c(-1820561.68658578, -1812818.82989453, -1808296.83592814, -1798074.55646941, -1785284.80928191, -1738096.80642746, -1737751.20644908, -1721460.6080553, 563601.573278247, 679548.839896259, 599983.456219286, 621740.013429119, 595780.123951894, 585028.262089231, 590295.137009224, 604349.311650521),109.250684288591
"6","totsoilC_g_m2","salt_desert",591.095775,24,98754.5576970411,c(-1858232.93680917, 563472.069499267),64.1464982471897
