"","pool","veg","meanpv","n","var","se"
"1","orgsoilC_g_m2","cheatgrass",1817.30160288945,189,274313.067129932,38.0971375509546
"2","orgsoilC_g_m2","sagebrush",1554.83126184424,201,322447.733174705,40.0526850283924
"3","orgsoilC_g_m2","sagecheat",1605.18381906055,73,596428.460792741,90.3894511963194
"4","totsoilC_g_m2","cheatgrass",1345.96563147153,98,644858.219024556,81.1183450793582
"5","totsoilC_g_m2","sagecheat",1446.66834022232,69,823564.129209251,109.250684288591
