"","pool","veg","meanpv","n","var","se"
"1","orgsoilC_g_m2","cheatgrass",1816.30310077716,188,275590.54003528,38.2871666207782
"2","orgsoilC_g_m2","sagebrush",1554.83126184424,201,322447.733174705,40.0526850283924
"3","orgsoilC_g_m2","sagecheat",1605.18381906055,73,596428.460792741,90.3894511963194
"4","totsoilC_g_m2","cheatgrass",1322.60568952794,97,597541.121789378,78.4870546676709
"5","totsoilC_g_m2","sagecheat",1446.66834022232,69,823564.129209251,109.250684288591
