"","pool","veg","meanpv","n","var","se"
"1","orgsoilC_g_m2","cheatgrass",1863.09560330037,161,234091.974476943,38.1311869617436
"2","orgsoilC_g_m2","sagebrush",1551.98930297727,176,275103.327693284,39.5358962104868
"3","orgsoilC_g_m2","sagecheat",1605.18381906055,73,596428.460792741,90.3894511963194
"4","totsoilC_g_m2","cheatgrass",1322.60568952794,97,597541.121789378,78.4870546676709
"5","totsoilC_g_m2","sagecheat",1446.66834022232,69,823564.129209251,109.250684288591
