"","pool","veg","meanpv","n","var","se"
"1","orgsoilC_g_m2","cheatgrass",1823.9910812305,188,320141.92987315,41.265998178988
"2","orgsoilC_g_m2","sagebrush",1551.40559580797,201,303728.331885298,38.8726925782748
"3","orgsoilC_g_m2","sagecheat",1605.18381906055,73,596428.460792741,90.3894511963194
"4","totsoilC_g_m2","cheatgrass",1322.60568952794,97,597541.121789378,78.4870546676709
"5","totsoilC_g_m2","sagecheat",1446.66834022232,69,823564.129209251,109.250684288591
