"","pool","veg","meanpv","n","var","se"
"1","orgsoilC_g_m2","cheatgrass",1883.10059439587,155,225981.449753987,38.183043843079
"2","orgsoilC_g_m2","sagebrush",1558.70068610526,171,277229.693439068,40.2644542670263
"3","orgsoilC_g_m2","sagecheat",1605.18381906055,73,596428.460792741,90.3894511963194
"4","totsoilC_g_m2","cheatgrass",1322.60568952794,97,597541.121789378,78.4870546676709
"5","totsoilC_g_m2","sagecheat",1446.66834022232,69,823564.129209251,109.250684288591
"6","totsoilC_g_m2","salt_desert",591.095775,24,98754.5576970411,64.1464982471897
