"","pool","veg","meanpv","n","var","se"
"1","orgsoilC_g_m2","cheatgrass",1823.85268835219,189,287059.432029619,38.9722077088492
"2","orgsoilC_g_m2","sagebrush",1549.96693568033,201,319739.960781646,39.8841581776591
"3","orgsoilC_g_m2","sagecheat",1605.18381906055,73,596428.460792741,90.3894511963194
"4","totsoilC_g_m2","cheatgrass",1345.96563147153,98,644858.219024556,81.1183450793582
"5","totsoilC_g_m2","sagecheat",1446.66834022232,69,823564.129209251,109.250684288591
