"","pool","veg","meanpv","n","var","geometry","se"
"1","orgsoilC_g_m2","cheatgrass",1340.55,4,95336.1899999999,c(-1047824.97149117, 337822.132080472),154.382795349741
"2","orgsoilC_g_m2","sagebrush",1126.38461538462,39,645366.864625506,c(-1766813.83075811, -1736853.73571071, -1596266.63473337, -1583135.63767636, -1407448.04254019, -1374135.93565604, -1047824.97149117, 614737.084473211, 581421.064759741, 811254.705813472, 813611.227236335, 413414.247254534, 411083.572293487, 337822.132080472),128.638518040791
"3","orgsoilC_g_m2","sagecheat",898.425,54,254741.949127359,c(-1766813.83075811, -1736853.73571071, -1596266.63473337, -1583135.63767636, -1407448.04254019, -1374135.93565604, -1047824.97149117, 614737.084473211, 581421.064759741, 811254.705813472, 813611.227236335, 413414.247254534, 411083.572293487, 337822.132080472),68.6836479983299
