"","pool","veg","meanpv","n","var","se"
"1","orgsoilC_g_m2","cheatgrass",1271.25583784267,7,626868.323133326,299.25343371543
"2","orgsoilC_g_m2","sagebrush",1126.38461538462,39,645366.864625506,128.638518040791
"3","orgsoilC_g_m2","sagecheat",898.425,54,254741.949127359,68.6836479983299
